@id,rdf:type,skos:prefLabel,skos:notation,skos:broader,skos:topConceptOf,skos:inScheme,skos:note,dcterms:source,pav:version
anzic:scheme,skos:ConceptScheme,Australian and New Zealand Standard Industrial Classification (ANZSIC),,,,,Australian and New Zealand Standard Industrial Classification (ANZSIC) 2006 (Revision 2.0) is used as a source of this taxonomy.,https://www.abs.gov.au/AUSSTATS/abs@.nsf/DetailsPage/1292.02006%20(Revision%202.0)?OpenDocument,0.0.1
anzic:A,skos:Concept,"Agriculture, Forestry and Fishing",A,,anzic:scheme,anzic:scheme,,,
anzic:B,skos:Concept,Mining,B,,anzic:scheme,anzic:scheme,,,
anzic:C,skos:Concept,Manufacturing,C,,anzic:scheme,anzic:scheme,,,
anzic:D,skos:Concept,"Electricity, Gas, Water and Waste Services",D,,anzic:scheme,anzic:scheme,,,
anzic:E,skos:Concept,Construction,E,,anzic:scheme,anzic:scheme,,,
anzic:F,skos:Concept,Wholesale Trade,F,,anzic:scheme,anzic:scheme,,,
anzic:G,skos:Concept,Retail Trade,G,,anzic:scheme,anzic:scheme,,,
anzic:H,skos:Concept,Accommodation and Food Services,H,,anzic:scheme,anzic:scheme,,,
anzic:I,skos:Concept,"Transport, Postal and Warehousing",I,,anzic:scheme,anzic:scheme,,,
anzic:J,skos:Concept,Information Media and Telecommunications,J,,anzic:scheme,anzic:scheme,,,
anzic:K,skos:Concept,Financial and Insurance Services,K,,anzic:scheme,anzic:scheme,,,
anzic:L,skos:Concept,"Rental, Hiring and Real Estate Services",L,,anzic:scheme,anzic:scheme,,,
anzic:M,skos:Concept,"Professional, Scientific and Technical Services",M,,anzic:scheme,anzic:scheme,,,
anzic:N,skos:Concept,Administrative and Support Services,N,,anzic:scheme,anzic:scheme,,,
anzic:O,skos:Concept,Public Administration and Safety,O,,anzic:scheme,anzic:scheme,,,
anzic:P,skos:Concept,Education and Training,P,,anzic:scheme,anzic:scheme,,,
anzic:Q,skos:Concept,Health Care and Social Assistance,Q,,anzic:scheme,anzic:scheme,,,
anzic:R,skos:Concept,Arts and Recreation Services,R,,anzic:scheme,anzic:scheme,,,
anzic:S,skos:Concept,Other Services,S,,anzic:scheme,anzic:scheme,,,
anzic:01,skos:Concept,Agriculture,01,anzic:A,,anzic:scheme,,,
anzic:02,skos:Concept,Aquaculture,02,anzic:A,,anzic:scheme,,,
anzic:03,skos:Concept,Forestry and Logging,03,anzic:A,,anzic:scheme,,,
anzic:04,skos:Concept,"Fishing, Hunting and Trapping",04,anzic:A,,anzic:scheme,,,
anzic:05,skos:Concept,"Agriculture, Forestry and Fishing Support Services",05,anzic:A,,anzic:scheme,,,
anzic:06,skos:Concept,Coal Mining,06,anzic:B,,anzic:scheme,,,
anzic:07,skos:Concept,Oil and Gas Extraction,07,anzic:B,,anzic:scheme,,,
anzic:08,skos:Concept,Metal Ore Mining,08,anzic:B,,anzic:scheme,,,
anzic:09,skos:Concept,Non-Metallic Mineral Mining and Quarrying,09,anzic:B,,anzic:scheme,,,
anzic:10,skos:Concept,Exploration and Other Mining Support Services,10,anzic:B,,anzic:scheme,,,
anzic:11,skos:Concept,Food Product Manufacturing,11,anzic:C,,anzic:scheme,,,
anzic:12,skos:Concept,Beverage and Tobacco Product Manufacturing,12,anzic:C,,anzic:scheme,,,
anzic:13,skos:Concept,"Textile, Leather, Clothing and Footwear Manufacturing",13,anzic:C,,anzic:scheme,,,
anzic:14,skos:Concept,Wood Product Manufacturing,14,anzic:C,,anzic:scheme,,,
anzic:15,skos:Concept,"Pulp, Paper and Converted Paper Product Manufacturing",15,anzic:C,,anzic:scheme,,,
anzic:16,skos:Concept,Printing (including the Reproduction of Recorded Media),16,anzic:C,,anzic:scheme,,,
anzic:17,skos:Concept,Petroleum and Coal Product Manufacturing,17,anzic:C,,anzic:scheme,,,
anzic:18,skos:Concept,Basic Chemical and Chemical Product Manufacturing,18,anzic:C,,anzic:scheme,,,
anzic:19,skos:Concept,Polymer Product and Rubber Product Manufacturing,19,anzic:C,,anzic:scheme,,,
anzic:20,skos:Concept,Non-Metallic Mineral Product Manufacturing,20,anzic:C,,anzic:scheme,,,
anzic:21,skos:Concept,Primary Metal and Metal Product Manufacturing,21,anzic:C,,anzic:scheme,,,
anzic:22,skos:Concept,Fabricated Metal Product Manufacturing,22,anzic:C,,anzic:scheme,,,
anzic:23,skos:Concept,Transport Equipment Manufacturing,23,anzic:C,,anzic:scheme,,,
anzic:24,skos:Concept,Machinery and Equipment Manufacturing,24,anzic:C,,anzic:scheme,,,
anzic:25,skos:Concept,Furniture and Other Manufacturing,25,anzic:C,,anzic:scheme,,,
anzic:26,skos:Concept,Electricity Supply,26,anzic:D,,anzic:scheme,,,
anzic:27,skos:Concept,Gas Supply,27,anzic:D,,anzic:scheme,,,
anzic:28,skos:Concept,"Water Supply, Sewerage and Drainage Services",28,anzic:D,,anzic:scheme,,,
anzic:29,skos:Concept,"Waste Collection, Treatment and Disposal Services",29,anzic:D,,anzic:scheme,,,
anzic:30,skos:Concept,Building Construction,30,anzic:E,,anzic:scheme,,,
anzic:31,skos:Concept,Heavy and Civil Engineering Construction,31,anzic:E,,anzic:scheme,,,
anzic:32,skos:Concept,Construction Services,32,anzic:E,,anzic:scheme,,,
anzic:33,skos:Concept,Basic Material Wholesaling,33,anzic:F,,anzic:scheme,,,
anzic:34,skos:Concept,Machinery and Equipment Wholesaling,34,anzic:F,,anzic:scheme,,,
anzic:35,skos:Concept,Motor Vehicle and Motor Vehicle Parts Wholesaling,35,anzic:F,,anzic:scheme,,,
anzic:36,skos:Concept,"Grocery, Liquor and Tobacco Product Wholesaling",36,anzic:F,,anzic:scheme,,,
anzic:37,skos:Concept,Other Goods Wholesaling,37,anzic:F,,anzic:scheme,,,
anzic:38,skos:Concept,Commission-Based Wholesaling,38,anzic:F,,anzic:scheme,,,
anzic:39,skos:Concept,Motor Vehicle and Motor Vehicle Parts Retailing,39,anzic:G,,anzic:scheme,,,
anzic:40,skos:Concept,Fuel Retailing,40,anzic:G,,anzic:scheme,,,
anzic:41,skos:Concept,Food Retailing,41,anzic:G,,anzic:scheme,,,
anzic:42,skos:Concept,Other Store-Based Retailing,42,anzic:G,,anzic:scheme,,,
anzic:43,skos:Concept,Non-Store Retailing and Retail Commission-Based Buying and/or Selling,43,anzic:G,,anzic:scheme,,,
anzic:44,skos:Concept,Accommodation,44,anzic:H,,anzic:scheme,,,
anzic:45,skos:Concept,Food and Beverage Services,45,anzic:H,,anzic:scheme,,,
anzic:46,skos:Concept,Road Transport,46,anzic:I,,anzic:scheme,,,
anzic:47,skos:Concept,Rail Transport,47,anzic:I,,anzic:scheme,,,
anzic:48,skos:Concept,Water Transport,48,anzic:I,,anzic:scheme,,,
anzic:49,skos:Concept,Air and Space Transport,49,anzic:I,,anzic:scheme,,,
anzic:50,skos:Concept,Other Transport,50,anzic:I,,anzic:scheme,,,
anzic:51,skos:Concept,Postal and Courier Pick-up and Delivery Services,51,anzic:I,,anzic:scheme,,,
anzic:52,skos:Concept,Transport Support Services,52,anzic:I,,anzic:scheme,,,
anzic:53,skos:Concept,Warehousing and Storage Services,53,anzic:I,,anzic:scheme,,,
anzic:54,skos:Concept,Publishing (except Internet and Music Publishing),54,anzic:J,,anzic:scheme,,,
anzic:55,skos:Concept,Motion Picture and Sound Recording Activities,55,anzic:J,,anzic:scheme,,,
anzic:56,skos:Concept,Broadcasting (except Internet),56,anzic:J,,anzic:scheme,,,
anzic:57,skos:Concept,Internet Publishing and Broadcasting,57,anzic:J,,anzic:scheme,,,
anzic:58,skos:Concept,Telecommunications Services,58,anzic:J,,anzic:scheme,,,
anzic:59,skos:Concept,"Internet Service Providers, Web Search Portals and Data Processing Services",59,anzic:J,,anzic:scheme,,,
anzic:60,skos:Concept,Library and Other Information Services,60,anzic:J,,anzic:scheme,,,
anzic:62,skos:Concept,Finance,62,anzic:K,,anzic:scheme,,,
anzic:63,skos:Concept,Insurance and Superannuation Funds,63,anzic:K,,anzic:scheme,,,
anzic:64,skos:Concept,Auxiliary Finance and Insurance Services,64,anzic:K,,anzic:scheme,,,
anzic:66,skos:Concept,Rental and Hiring Services (except Real Estate),66,anzic:L,,anzic:scheme,,,
anzic:67,skos:Concept,Property Operators and Real Estate Services,67,anzic:L,,anzic:scheme,,,
anzic:69,skos:Concept,"Professional, Scientific and Technical Services (Except Computer System Design and Related Services)",69,anzic:M,,anzic:scheme,,,
anzic:70,skos:Concept,Computer System Design and Related Services,70,anzic:M,,anzic:scheme,,,
anzic:72,skos:Concept,Administrative Services,72,anzic:N,,anzic:scheme,,,
anzic:73,skos:Concept,"Building Cleaning, Pest Control and Other Support Services",73,anzic:N,,anzic:scheme,,,
anzic:75,skos:Concept,Public Administration,75,anzic:O,,anzic:scheme,,,
anzic:76,skos:Concept,Defence,76,anzic:O,,anzic:scheme,,,
anzic:77,skos:Concept,"Public Order, Safety and Regulatory Services",77,anzic:O,,anzic:scheme,,,
anzic:80,skos:Concept,Preschool and School Education,80,anzic:P,,anzic:scheme,,,
anzic:81,skos:Concept,Tertiary Education,81,anzic:P,,anzic:scheme,,,
anzic:82,skos:Concept,"Adult, Community and Other Education",82,anzic:P,,anzic:scheme,,,
anzic:84,skos:Concept,Hospitals,84,anzic:Q,,anzic:scheme,,,
anzic:85,skos:Concept,Medical and Other Health Care Services,85,anzic:Q,,anzic:scheme,,,
anzic:86,skos:Concept,Residential Care Services,86,anzic:Q,,anzic:scheme,,,
anzic:87,skos:Concept,Social Assistance Services,87,anzic:Q,,anzic:scheme,,,
anzic:89,skos:Concept,Heritage Activities,89,anzic:R,,anzic:scheme,,,
anzic:90,skos:Concept,Creative and Performing Arts Activities,90,anzic:R,,anzic:scheme,,,
anzic:91,skos:Concept,Sports and Recreation Activities,91,anzic:R,,anzic:scheme,,,
anzic:92,skos:Concept,Gambling Activities,92,anzic:R,,anzic:scheme,,,
anzic:94,skos:Concept,Repair and Maintenance,94,anzic:S,,anzic:scheme,,,
anzic:95,skos:Concept,Personal and Other Services,95,anzic:S,,anzic:scheme,,,
anzic:96,skos:Concept,Private Households Employing Staff and Undifferentiated Goods- and Service-Producing Activities of Households for Own Use,96,anzic:S,,anzic:scheme,,,
anzic:011,skos:Concept,Nursery and Floriculture Production,011,anzic:01,,anzic:scheme,,,
anzic:012,skos:Concept,Mushroom and Vegetable Growing,012,anzic:01,,anzic:scheme,,,
anzic:013,skos:Concept,Fruit and Tree Nut Growing,013,anzic:01,,anzic:scheme,,,
anzic:014,skos:Concept,"Sheep, Beef Cattle and Grain Farming",014,anzic:01,,anzic:scheme,,,
anzic:015,skos:Concept,Other Crop Growing,015,anzic:01,,anzic:scheme,,,
anzic:016,skos:Concept,Dairy Cattle Farming,016,anzic:01,,anzic:scheme,,,
anzic:017,skos:Concept,Poultry Farming,017,anzic:01,,anzic:scheme,,,
anzic:018,skos:Concept,Deer Farming,018,anzic:01,,anzic:scheme,,,
anzic:019,skos:Concept,Other Livestock Farming,019,anzic:01,,anzic:scheme,,,
anzic:020,skos:Concept,Aquaculture,020,anzic:02,,anzic:scheme,,,
anzic:030,skos:Concept,Forestry and Logging,030,anzic:03,,anzic:scheme,,,
anzic:041,skos:Concept,Fishing,041,anzic:04,,anzic:scheme,,,
anzic:042,skos:Concept,Hunting and Trapping,042,anzic:04,,anzic:scheme,,,
anzic:051,skos:Concept,Forestry Support Services,051,anzic:05,,anzic:scheme,,,
anzic:052,skos:Concept,Agriculture and Fishing Support Services,052,anzic:05,,anzic:scheme,,,
anzic:060,skos:Concept,Coal Mining,060,anzic:06,,anzic:scheme,,,
anzic:070,skos:Concept,Oil and Gas Extraction,070,anzic:07,,anzic:scheme,,,
anzic:080,skos:Concept,Metal Ore Mining,080,anzic:08,,anzic:scheme,,,
anzic:091,skos:Concept,Construction Material Mining,091,anzic:09,,anzic:scheme,,,
anzic:099,skos:Concept,Other Non-Metallic Mineral Mining and Quarrying,099,anzic:09,,anzic:scheme,,,
anzic:101,skos:Concept,Exploration,101,anzic:10,,anzic:scheme,,,
anzic:109,skos:Concept,Other Mining Support Services,109,anzic:10,,anzic:scheme,,,
anzic:111,skos:Concept,Meat and Meat Product Manufacturing,111,anzic:11,,anzic:scheme,,,
anzic:112,skos:Concept,Seafood Processing,112,anzic:11,,anzic:scheme,,,
anzic:113,skos:Concept,Dairy Product Manufacturing,113,anzic:11,,anzic:scheme,,,
anzic:114,skos:Concept,Fruit and Vegetable Processing,114,anzic:11,,anzic:scheme,,,
anzic:115,skos:Concept,Oil and Fat Manufacturing,115,anzic:11,,anzic:scheme,,,
anzic:116,skos:Concept,Grain Mill and Cereal Product Manufacturing,116,anzic:11,,anzic:scheme,,,
anzic:117,skos:Concept,Bakery Product Manufacturing,117,anzic:11,,anzic:scheme,,,
anzic:118,skos:Concept,Sugar and Confectionery Manufacturing,118,anzic:11,,anzic:scheme,,,
anzic:119,skos:Concept,Other Food Product Manufacturing,119,anzic:11,,anzic:scheme,,,
anzic:121,skos:Concept,Beverage Manufacturing,121,anzic:12,,anzic:scheme,,,
anzic:122,skos:Concept,Cigarette and Tobacco Product Manufacturing,122,anzic:12,,anzic:scheme,,,
anzic:131,skos:Concept,Textile Manufacturing,131,anzic:13,,anzic:scheme,,,
anzic:132,skos:Concept,"Leather Tanning, Fur Dressing and Leather Product Manufacturing",132,anzic:13,,anzic:scheme,,,
anzic:133,skos:Concept,Textile Product Manufacturing,133,anzic:13,,anzic:scheme,,,
anzic:134,skos:Concept,Knitted Product Manufacturing,134,anzic:13,,anzic:scheme,,,
anzic:135,skos:Concept,Clothing and Footwear Manufacturing,135,anzic:13,,anzic:scheme,,,
anzic:141,skos:Concept,Log Sawmilling and Timber Dressing,141,anzic:14,,anzic:scheme,,,
anzic:149,skos:Concept,Other Wood Product Manufacturing,149,anzic:14,,anzic:scheme,,,
anzic:151,skos:Concept,"Pulp, Paper and Paperboard Manufacturing",151,anzic:15,,anzic:scheme,,,
anzic:152,skos:Concept,Converted Paper Product Manufacturing,152,anzic:15,,anzic:scheme,,,
anzic:161,skos:Concept,Printing and Printing Support Services,161,anzic:16,,anzic:scheme,,,
anzic:162,skos:Concept,Reproduction of Recorded Media,162,anzic:16,,anzic:scheme,,,
anzic:170,skos:Concept,Petroleum and Coal Product Manufacturing,170,anzic:17,,anzic:scheme,,,
anzic:181,skos:Concept,Basic Chemical Manufacturing,181,anzic:18,,anzic:scheme,,,
anzic:182,skos:Concept,Basic Polymer Manufacturing,182,anzic:18,,anzic:scheme,,,
anzic:183,skos:Concept,Fertiliser and Pesticide Manufacturing,183,anzic:18,,anzic:scheme,,,
anzic:184,skos:Concept,Pharmaceutical and Medicinal Product Manufacturing,184,anzic:18,,anzic:scheme,,,
anzic:185,skos:Concept,Cleaning Compound and Toiletry Preparation Manufacturing,185,anzic:18,,anzic:scheme,,,
anzic:189,skos:Concept,Other Basic Chemical Product Manufacturing,189,anzic:18,,anzic:scheme,,,
anzic:191,skos:Concept,Polymer Product Manufacturing,191,anzic:19,,anzic:scheme,,,
anzic:192,skos:Concept,Natural Rubber Product Manufacturing,192,anzic:19,,anzic:scheme,,,
anzic:201,skos:Concept,Glass and Glass Product Manufacturing,201,anzic:20,,anzic:scheme,,,
anzic:202,skos:Concept,Ceramic Product Manufacturing,202,anzic:20,,anzic:scheme,,,
anzic:203,skos:Concept,"Cement, Lime, Plaster and Concrete Product Manufacturing",203,anzic:20,,anzic:scheme,,,
anzic:209,skos:Concept,Other Non-Metallic Mineral Product Manufacturing,209,anzic:20,,anzic:scheme,,,
anzic:211,skos:Concept,Basic Ferrous Metal Manufacturing,211,anzic:21,,anzic:scheme,,,
anzic:212,skos:Concept,Basic Ferrous Metal Product Manufacturing,212,anzic:21,,anzic:scheme,,,
anzic:213,skos:Concept,Basic Non-Ferrous Metal Manufacturing,213,anzic:21,,anzic:scheme,,,
anzic:214,skos:Concept,Basic Non-Ferrous Metal Product Manufacturing,214,anzic:21,,anzic:scheme,,,
anzic:221,skos:Concept,Iron and Steel Forging,221,anzic:22,,anzic:scheme,,,
anzic:222,skos:Concept,Structural Metal Product Manufacturing,222,anzic:22,,anzic:scheme,,,
anzic:223,skos:Concept,Metal Container Manufacturing,223,anzic:22,,anzic:scheme,,,
anzic:224,skos:Concept,Sheet Metal Product Manufacturing (except Metal Structural and Container,224,anzic:22,,anzic:scheme,,,
anzic:229,skos:Concept,Other Fabricated Metal Product Manufacturing,229,anzic:22,,anzic:scheme,,,
anzic:231,skos:Concept,Motor Vehicle and Motor Vehicle Part Manufacturing,231,anzic:23,,anzic:scheme,,,
anzic:239,skos:Concept,Other Transport Equipment Manufacturing,239,anzic:23,,anzic:scheme,,,
anzic:241,skos:Concept,Professional and Scientific Equipment Manufacturing,241,anzic:24,,anzic:scheme,,,
anzic:242,skos:Concept,Computer and Electronic Equipment Manufacturing,242,anzic:24,,anzic:scheme,,,
anzic:243,skos:Concept,Electrical Equipment Manufacturing,243,anzic:24,,anzic:scheme,,,
anzic:244,skos:Concept,Domestic Appliance Manufacturing,244,anzic:24,,anzic:scheme,,,
anzic:245,skos:Concept,"Pump, Compressor, Heating and Ventilation Equipment Manufacturing",245,anzic:24,,anzic:scheme,,,
anzic:246,skos:Concept,Specialised Machinery and Equipment Manufacturing,246,anzic:24,,anzic:scheme,,,
anzic:249,skos:Concept,Other Machinery and Equipment Manufacturing,249,anzic:24,,anzic:scheme,,,
anzic:251,skos:Concept,Furniture Manufacturing,251,anzic:25,,anzic:scheme,,,
anzic:259,skos:Concept,Other Manufacturing,259,anzic:25,,anzic:scheme,,,
anzic:261,skos:Concept,Electricity Generation,261,anzic:26,,anzic:scheme,,,
anzic:262,skos:Concept,Electricity Transmission,262,anzic:26,,anzic:scheme,,,
anzic:263,skos:Concept,Electricity Distribution,263,anzic:26,,anzic:scheme,,,
anzic:264,skos:Concept,On Selling Electricity and Electricity Market Operation,264,anzic:26,,anzic:scheme,,,
anzic:270,skos:Concept,Gas Supply,270,anzic:27,,anzic:scheme,,,
anzic:281,skos:Concept,"Water Supply, Sewerage and Drainage Services",281,anzic:28,,anzic:scheme,,,
anzic:291,skos:Concept,Waste Collection Services,291,anzic:29,,anzic:scheme,,,
anzic:292,skos:Concept,"Waste Treatment, Disposal and Remediation Services",292,anzic:29,,anzic:scheme,,,
anzic:301,skos:Concept,Residential Building Construction,301,anzic:30,,anzic:scheme,,,
anzic:302,skos:Concept,Non-Residential Building Construction,302,anzic:30,,anzic:scheme,,,
anzic:310,skos:Concept,Heavy and Civil Engineering Construction,310,anzic:31,,anzic:scheme,,,
anzic:321,skos:Concept,Land Development and Site Preparation Services,321,anzic:32,,anzic:scheme,,,
anzic:322,skos:Concept,Building Structure Services,322,anzic:32,,anzic:scheme,,,
anzic:323,skos:Concept,Building Installation Services,323,anzic:32,,anzic:scheme,,,
anzic:324,skos:Concept,Building Completion Services,324,anzic:32,,anzic:scheme,,,
anzic:329,skos:Concept,Other Construction Services,329,anzic:32,,anzic:scheme,,,
anzic:331,skos:Concept,Agricultural Product Wholesaling,331,anzic:33,,anzic:scheme,,,
anzic:332,skos:Concept,"Mineral, Metal and Chemical Wholesaling",332,anzic:33,,anzic:scheme,,,
anzic:333,skos:Concept,Timber and Hardware Goods Wholesaling,333,anzic:33,,anzic:scheme,,,
anzic:341,skos:Concept,Specialised Industrial Machinery and Equipment Wholesaling,341,anzic:34,,anzic:scheme,,,
anzic:349,skos:Concept,Other Machinery and Equipment Wholesaling,349,anzic:34,,anzic:scheme,,,
anzic:350,skos:Concept,Motor Vehicle and Motor Vehicle Parts Wholesaling,350,anzic:35,,anzic:scheme,,,
anzic:360,skos:Concept,"Grocery, Liquor and Tobacco Product Wholesaling",360,anzic:36,,anzic:scheme,,,
anzic:371,skos:Concept,"Textile, Clothing and Footwear Wholesaling",371,anzic:37,,anzic:scheme,,,
anzic:372,skos:Concept,Pharmaceutical and Toiletry Goods Wholesaling,372,anzic:37,,anzic:scheme,,,
anzic:373,skos:Concept,"Furniture, Floor Covering and Other Goods Wholesaling",373,anzic:37,,anzic:scheme,,,
anzic:380,skos:Concept,Commission-Based Wholesaling,380,anzic:38,,anzic:scheme,,,
anzic:391,skos:Concept,Motor Vehicle Retailing,391,anzic:39,,anzic:scheme,,,
anzic:392,skos:Concept,Motor Vehicle Parts and Tyre Retailing,392,anzic:39,,anzic:scheme,,,
anzic:400,skos:Concept,Fuel Retailing,400,anzic:40,,anzic:scheme,,,
anzic:411,skos:Concept,Supermarket and Grocery Stores,411,anzic:41,,anzic:scheme,,,
anzic:412,skos:Concept,Specialised Food Retailing,412,anzic:41,,anzic:scheme,,,
anzic:421,skos:Concept,"Furniture, Floor Coverings, Houseware and Textile Goods Retailing",421,anzic:42,,anzic:scheme,,,
anzic:422,skos:Concept,Electrical and Electronic Goods Retailing,422,anzic:42,,anzic:scheme,,,
anzic:423,skos:Concept,"Hardware, Building and Garden Supplies Retailing",423,anzic:42,,anzic:scheme,,,
anzic:424,skos:Concept,Recreational Goods Retailing,424,anzic:42,,anzic:scheme,,,
anzic:425,skos:Concept,"Clothing, Footwear and Personal Accessory Retailing",425,anzic:42,,anzic:scheme,,,
anzic:426,skos:Concept,Department Stores,426,anzic:42,,anzic:scheme,,,
anzic:427,skos:Concept,Pharmaceutical and Other Store-Based Retailing,427,anzic:42,,anzic:scheme,,,
anzic:431,skos:Concept,Non-Store Retailing,431,anzic:43,,anzic:scheme,,,
anzic:432,skos:Concept,Retail Commission-Based Buying and/or Selling,432,anzic:43,,anzic:scheme,,,
anzic:440,skos:Concept,Accommodation,440,anzic:44,,anzic:scheme,,,
anzic:451,skos:Concept,"Cafes, Restaurants and Takeaway Food Services",451,anzic:45,,anzic:scheme,,,
anzic:452,skos:Concept,"Pubs, Taverns and Bars",452,anzic:45,,anzic:scheme,,,
anzic:453,skos:Concept,Clubs (Hospitality),453,anzic:45,,anzic:scheme,,,
anzic:461,skos:Concept,Road Freight Transport,461,anzic:46,,anzic:scheme,,,
anzic:462,skos:Concept,Road Passenger Transport,462,anzic:46,,anzic:scheme,,,
anzic:471,skos:Concept,Rail Freight Transport,471,anzic:47,,anzic:scheme,,,
anzic:472,skos:Concept,Rail Passenger Transport,472,anzic:47,,anzic:scheme,,,
anzic:481,skos:Concept,Water Freight Transport,481,anzic:48,,anzic:scheme,,,
anzic:482,skos:Concept,Water Passenger Transport,482,anzic:48,,anzic:scheme,,,
anzic:490,skos:Concept,Air and Space Transport,490,anzic:49,,anzic:scheme,,,
anzic:501,skos:Concept,Scenic and Sightseeing Transport,501,anzic:50,,anzic:scheme,,,
anzic:502,skos:Concept,Pipeline and Other Transport,502,anzic:50,,anzic:scheme,,,
anzic:510,skos:Concept,Postal and Courier Pick-up and Delivery Services,510,anzic:51,,anzic:scheme,,,
anzic:521,skos:Concept,Water Transport Support Services,521,anzic:52,,anzic:scheme,,,
anzic:522,skos:Concept,Airport Operations and Other Air Transport Support Services,522,anzic:52,,anzic:scheme,,,
anzic:529,skos:Concept,Other Transport Support Services,529,anzic:52,,anzic:scheme,,,
anzic:530,skos:Concept,Warehousing and Storage Services,530,anzic:53,,anzic:scheme,,,
anzic:541,skos:Concept,"Newspaper, Periodical, Book and Directory Publishing",541,anzic:54,,anzic:scheme,,,
anzic:542,skos:Concept,Software Publishing,542,anzic:54,,anzic:scheme,,,
anzic:551,skos:Concept,Motion Picture and Video Activities,551,anzic:55,,anzic:scheme,,,
anzic:552,skos:Concept,Sound Recording and Music Publishing,552,anzic:55,,anzic:scheme,,,
anzic:561,skos:Concept,Radio Broadcasting,561,anzic:56,,anzic:scheme,,,
anzic:562,skos:Concept,Television Broadcasting,562,anzic:56,,anzic:scheme,,,
anzic:570,skos:Concept,Internet Publishing and Broadcasting,570,anzic:57,,anzic:scheme,,,
anzic:580,skos:Concept,Telecommunications Services,580,anzic:58,,anzic:scheme,,,
anzic:591,skos:Concept,Internet Service Providers and Web Search Portals,591,anzic:59,,anzic:scheme,,,
anzic:592,skos:Concept,"Data Processing, Web Hosting and Electronic Information Storage Services",592,anzic:59,,anzic:scheme,,,
anzic:601,skos:Concept,Libraries and Archives,601,anzic:60,,anzic:scheme,,,
anzic:602,skos:Concept,Other Information Services,602,anzic:60,,anzic:scheme,,,
anzic:621,skos:Concept,Central Banking,621,anzic:62,,anzic:scheme,,,
anzic:622,skos:Concept,Depository Financial Intermediation,622,anzic:62,,anzic:scheme,,,
anzic:623,skos:Concept,Non-Depository Financing,623,anzic:62,,anzic:scheme,,,
anzic:624,skos:Concept,Financial Asset Investing,624,anzic:62,,anzic:scheme,,,
anzic:631,skos:Concept,Life Insurance,631,anzic:63,,anzic:scheme,,,
anzic:632,skos:Concept,Health and General Insurance,632,anzic:63,,anzic:scheme,,,
anzic:633,skos:Concept,Superannuation Funds,633,anzic:63,,anzic:scheme,,,
anzic:641,skos:Concept,Auxiliary Finance and Investment Services,641,anzic:64,,anzic:scheme,,,
anzic:642,skos:Concept,Auxiliary Insurance Services,642,anzic:64,,anzic:scheme,,,
anzic:661,skos:Concept,Motor Vehicle and Transport Equipment Rental and Hiring,661,anzic:66,,anzic:scheme,,,
anzic:662,skos:Concept,Farm Animal and Bloodstock Leasing,662,anzic:66,,anzic:scheme,,,
anzic:663,skos:Concept,Other Goods and Equipment Rental and Hiring,663,anzic:66,,anzic:scheme,,,
anzic:664,skos:Concept,Non-Financial Intangible Assets (Except Copyrights) Leasing,664,anzic:66,,anzic:scheme,,,
anzic:671,skos:Concept,Property Operators,671,anzic:67,,anzic:scheme,,,
anzic:672,skos:Concept,Real Estate Services,672,anzic:67,,anzic:scheme,,,
anzic:691,skos:Concept,Scientific Research Services,691,anzic:69,,anzic:scheme,,,
anzic:692,skos:Concept,"Architectural, Engineering and Technical Services",692,anzic:69,,anzic:scheme,,,
anzic:693,skos:Concept,Legal and Accounting Services,693,anzic:69,,anzic:scheme,,,
anzic:694,skos:Concept,Advertising Services,694,anzic:69,,anzic:scheme,,,
anzic:695,skos:Concept,Market Research and Statistical Services,695,anzic:69,,anzic:scheme,,,
anzic:696,skos:Concept,Management and Related Consulting Services,696,anzic:69,,anzic:scheme,,,
anzic:697,skos:Concept,Veterinary Services,697,anzic:69,,anzic:scheme,,,
anzic:699,skos:Concept,"Other Professional, Scientific and Technical Services",699,anzic:69,,anzic:scheme,,,
anzic:700,skos:Concept,Computer System Design and Related Services,700,anzic:70,,anzic:scheme,,,
anzic:721,skos:Concept,Employment Services,721,anzic:72,,anzic:scheme,,,
anzic:722,skos:Concept,Travel Agency and Tour Arrangement Services,722,anzic:72,,anzic:scheme,,,
anzic:729,skos:Concept,Other Administrative Services,729,anzic:72,,anzic:scheme,,,
anzic:731,skos:Concept,"Building Cleaning, Pest Control and Gardening Services",731,anzic:73,,anzic:scheme,,,
anzic:732,skos:Concept,Packaging Services,732,anzic:73,,anzic:scheme,,,
anzic:751,skos:Concept,Central Government Administration,751,anzic:75,,anzic:scheme,,,
anzic:752,skos:Concept,State Government Administration,752,anzic:75,,anzic:scheme,,,
anzic:753,skos:Concept,Local Government Administration,753,anzic:75,,anzic:scheme,,,
anzic:754,skos:Concept,Justice,754,anzic:75,,anzic:scheme,,,
anzic:755,skos:Concept,Government Representation,755,anzic:75,,anzic:scheme,,,
anzic:760,skos:Concept,Defence,760,anzic:76,,anzic:scheme,,,
anzic:771,skos:Concept,Public Order and Safety Services,771,anzic:77,,anzic:scheme,,,
anzic:772,skos:Concept,Regulatory Services,772,anzic:77,,anzic:scheme,,,
anzic:801,skos:Concept,Preschool Education,801,anzic:80,,anzic:scheme,,,
anzic:802,skos:Concept,School Education,802,anzic:80,,anzic:scheme,,,
anzic:810,skos:Concept,Tertiary Education,810,anzic:81,,anzic:scheme,,,
anzic:821,skos:Concept,"Adult, Community and Other Education",821,anzic:82,,anzic:scheme,,,
anzic:822,skos:Concept,Educational Support Services,822,anzic:82,,anzic:scheme,,,
anzic:840,skos:Concept,Hospitals,840,anzic:84,,anzic:scheme,,,
anzic:851,skos:Concept,Medical Services,851,anzic:85,,anzic:scheme,,,
anzic:852,skos:Concept,Pathology and Diagnostic Imaging Services,852,anzic:85,,anzic:scheme,,,
anzic:853,skos:Concept,Allied Health Services,853,anzic:85,,anzic:scheme,,,
anzic:859,skos:Concept,Other Health Care Services,859,anzic:85,,anzic:scheme,,,
anzic:860,skos:Concept,Residential Care Services,860,anzic:86,,anzic:scheme,,,
anzic:871,skos:Concept,Child Care Services,871,anzic:87,,anzic:scheme,,,
anzic:879,skos:Concept,Other Social Assistance Services,879,anzic:87,,anzic:scheme,,,
anzic:891,skos:Concept,Museum Operation,891,anzic:89,,anzic:scheme,,,
anzic:892,skos:Concept,Parks and Gardens Operations,892,anzic:89,,anzic:scheme,,,
anzic:900,skos:Concept,Creative and Performing Arts Activities,900,anzic:90,,anzic:scheme,,,
anzic:911,skos:Concept,Sports and Physical Recreation Activities,911,anzic:91,,anzic:scheme,,,
anzic:912,skos:Concept,Horse and Dog Racing Activities,912,anzic:91,,anzic:scheme,,,
anzic:913,skos:Concept,Amusement and Other Recreation Activities,913,anzic:91,,anzic:scheme,,,
anzic:920,skos:Concept,Gambling Activities,920,anzic:92,,anzic:scheme,,,
anzic:941,skos:Concept,Automotive Repair and Maintenance,941,anzic:94,,anzic:scheme,,,
anzic:942,skos:Concept,Machinery and Equipment Repair and Maintenance,942,anzic:94,,anzic:scheme,,,
anzic:949,skos:Concept,Other Repair and Maintenance,949,anzic:94,,anzic:scheme,,,
anzic:951,skos:Concept,Personal Care Services,951,anzic:95,,anzic:scheme,,,
anzic:952,skos:Concept,"Funeral, Crematorium and Cemetery Services",952,anzic:95,,anzic:scheme,,,
anzic:953,skos:Concept,Other Personal Services,953,anzic:95,,anzic:scheme,,,
anzic:954,skos:Concept,Religious Services,954,anzic:95,,anzic:scheme,,,
anzic:955,skos:Concept,"Civic, Professional and Other Interest Group Services",955,anzic:95,,anzic:scheme,,,
anzic:960,skos:Concept,Private Households Employing Staff and Undifferentiated Goods- and,960,anzic:96,,anzic:scheme,,,
anzic:0111,skos:Concept,Nursery Production (Under Cover),0111,anzic:011,,anzic:scheme,,,
anzic:0112,skos:Concept,Nursery Production (Outdoors),0112,anzic:011,,anzic:scheme,,,
anzic:0113,skos:Concept,Turf Growing,0113,anzic:011,,anzic:scheme,,,
anzic:0114,skos:Concept,Floriculture Production (Under Cover),0114,anzic:011,,anzic:scheme,,,
anzic:0115,skos:Concept,Floriculture Production (Outdoors),0115,anzic:011,,anzic:scheme,,,
anzic:0121,skos:Concept,Mushroom Growing,0121,anzic:012,,anzic:scheme,,,
anzic:0122,skos:Concept,Vegetable Growing (Under Cover),0122,anzic:012,,anzic:scheme,,,
anzic:0123,skos:Concept,Vegetable Growing (Outdoors),0123,anzic:012,,anzic:scheme,,,
anzic:0131,skos:Concept,Grape Growing,0131,anzic:013,,anzic:scheme,,,
anzic:0132,skos:Concept,Kiwifruit Growing,0132,anzic:013,,anzic:scheme,,,
anzic:0133,skos:Concept,Berry Fruit Growing,0133,anzic:013,,anzic:scheme,,,
anzic:0134,skos:Concept,Apple and Pear Growing,0134,anzic:013,,anzic:scheme,,,
anzic:0135,skos:Concept,Stone Fruit Growing,0135,anzic:013,,anzic:scheme,,,
anzic:0136,skos:Concept,Citrus Fruit Growing,0136,anzic:013,,anzic:scheme,,,
anzic:0137,skos:Concept,Olive Growing,0137,anzic:013,,anzic:scheme,,,
anzic:0139,skos:Concept,Other Fruit and Tree Nut Growing,0139,anzic:013,,anzic:scheme,,,
anzic:0141,skos:Concept,Sheep Farming (Specialised),0141,anzic:014,,anzic:scheme,,,
anzic:0142,skos:Concept,Beef Cattle Farming (Specialised),0142,anzic:014,,anzic:scheme,,,
anzic:0143,skos:Concept,Beef Cattle Feedlots (Specialised),0143,anzic:014,,anzic:scheme,,,
anzic:0144,skos:Concept,Sheep-Beef Cattle Farming,0144,anzic:014,,anzic:scheme,,,
anzic:0145,skos:Concept,Grain-Sheep or Grain-Beef Cattle Farming,0145,anzic:014,,anzic:scheme,,,
anzic:0146,skos:Concept,Rice Growing,0146,anzic:014,,anzic:scheme,,,
anzic:0149,skos:Concept,Other Grain Growing,0149,anzic:014,,anzic:scheme,,,
anzic:0151,skos:Concept,Sugar Cane Growing,0151,anzic:015,,anzic:scheme,,,
anzic:0152,skos:Concept,Cotton Growing,0152,anzic:015,,anzic:scheme,,,
anzic:0159,skos:Concept,Other Crop Growing n.e.c.,0159,anzic:015,,anzic:scheme,,,
anzic:0160,skos:Concept,Dairy Cattle Farming,0160,anzic:016,,anzic:scheme,,,
anzic:0171,skos:Concept,Poultry Farming (Meat),0171,anzic:017,,anzic:scheme,,,
anzic:0172,skos:Concept,Poultry Farming (Eggs),0172,anzic:017,,anzic:scheme,,,
anzic:0180,skos:Concept,Deer Farming,0180,anzic:018,,anzic:scheme,,,
anzic:0191,skos:Concept,Horse Farming,0191,anzic:019,,anzic:scheme,,,
anzic:0192,skos:Concept,Pig Farming,0192,anzic:019,,anzic:scheme,,,
anzic:0193,skos:Concept,Beekeeping,0193,anzic:019,,anzic:scheme,,,
anzic:0199,skos:Concept,Other Livestock Farming n.e.c.,0199,anzic:019,,anzic:scheme,,,
anzic:0201,skos:Concept,Offshore Longline and Rack Aquaculture,0201,anzic:020,,anzic:scheme,,,
anzic:0202,skos:Concept,Offshore Caged Aquaculture,0202,anzic:020,,anzic:scheme,,,
anzic:0203,skos:Concept,Onshore Aquaculture,0203,anzic:020,,anzic:scheme,,,
anzic:0301,skos:Concept,Forestry,0301,anzic:030,,anzic:scheme,,,
anzic:0302,skos:Concept,Logging,0302,anzic:030,,anzic:scheme,,,
anzic:0411,skos:Concept,Rock Lobster and Crab Potting,0411,anzic:041,,anzic:scheme,,,
anzic:0412,skos:Concept,Prawn Fishing,0412,anzic:041,,anzic:scheme,,,
anzic:0413,skos:Concept,Line Fishing,0413,anzic:041,,anzic:scheme,,,
anzic:0414,skos:Concept,"Fish Trawling, Seining and Netting",0414,anzic:041,,anzic:scheme,,,
anzic:0419,skos:Concept,Other Fishing,0419,anzic:041,,anzic:scheme,,,
anzic:0420,skos:Concept,Hunting and Trapping,0420,anzic:042,,anzic:scheme,,,
anzic:0510,skos:Concept,Forestry Support Services,0510,anzic:051,,anzic:scheme,,,
anzic:0521,skos:Concept,Cotton Ginning,0521,anzic:052,,anzic:scheme,,,
anzic:0522,skos:Concept,Shearing Services,0522,anzic:052,,anzic:scheme,,,
anzic:0529,skos:Concept,Other Agriculture and Fishing Support Services,0529,anzic:052,,anzic:scheme,,,
anzic:0600,skos:Concept,Coal Mining,0600,anzic:060,,anzic:scheme,,,
anzic:0700,skos:Concept,Oil and Gas Extraction,0700,anzic:070,,anzic:scheme,,,
anzic:0801,skos:Concept,Iron Ore Mining,0801,anzic:080,,anzic:scheme,,,
anzic:0802,skos:Concept,Bauxite Mining,0802,anzic:080,,anzic:scheme,,,
anzic:0803,skos:Concept,Copper Ore Mining,0803,anzic:080,,anzic:scheme,,,
anzic:0804,skos:Concept,Gold Ore Mining,0804,anzic:080,,anzic:scheme,,,
anzic:0805,skos:Concept,Mineral Sand Mining,0805,anzic:080,,anzic:scheme,,,
anzic:0806,skos:Concept,Nickel Ore Mining,0806,anzic:080,,anzic:scheme,,,
anzic:0807,skos:Concept,Silver-Lead-Zinc Ore Mining,0807,anzic:080,,anzic:scheme,,,
anzic:0809,skos:Concept,Other Metal Ore Mining,0809,anzic:080,,anzic:scheme,,,
anzic:0911,skos:Concept,Gravel and Sand Quarrying,0911,anzic:091,,anzic:scheme,,,
anzic:0919,skos:Concept,Other Construction Material Mining,0919,anzic:091,,anzic:scheme,,,
anzic:0990,skos:Concept,Other Non-Metallic Mineral Mining and Quarrying,0990,anzic:099,,anzic:scheme,,,
anzic:1011,skos:Concept,Petroleum Exploration,1011,anzic:101,,anzic:scheme,,,
anzic:1012,skos:Concept,Mineral Exploration,1012,anzic:101,,anzic:scheme,,,
anzic:1090,skos:Concept,Other Mining Support Services,1090,anzic:109,,anzic:scheme,,,
anzic:1111,skos:Concept,Meat Processing,1111,anzic:111,,anzic:scheme,,,
anzic:1112,skos:Concept,Poultry Processing,1112,anzic:111,,anzic:scheme,,,
anzic:1113,skos:Concept,Cured Meat and Smallgoods Manufacturing,1113,anzic:111,,anzic:scheme,,,
anzic:1120,skos:Concept,Seafood Processing,1120,anzic:112,,anzic:scheme,,,
anzic:1131,skos:Concept,Milk and Cream Processing,1131,anzic:113,,anzic:scheme,,,
anzic:1132,skos:Concept,Ice Cream Manufacturing,1132,anzic:113,,anzic:scheme,,,
anzic:1133,skos:Concept,Cheese and Other Dairy Product Manufacturing,1133,anzic:113,,anzic:scheme,,,
anzic:1140,skos:Concept,Fruit and Vegetable Processing,1140,anzic:114,,anzic:scheme,,,
anzic:1150,skos:Concept,Oil and Fat Manufacturing,1150,anzic:115,,anzic:scheme,,,
anzic:1161,skos:Concept,Grain Mill Product Manufacturing,1161,anzic:116,,anzic:scheme,,,
anzic:1162,skos:Concept,"Cereal, Pasta and Baking Mix Manufacturing",1162,anzic:116,,anzic:scheme,,,
anzic:1171,skos:Concept,Bread Manufacturing (Factory based),1171,anzic:117,,anzic:scheme,,,
anzic:1172,skos:Concept,Cake and Pastry Manufacturing (Factory based),1172,anzic:117,,anzic:scheme,,,
anzic:1173,skos:Concept,Biscuit Manufacturing (Factory based),1173,anzic:117,,anzic:scheme,,,
anzic:1174,skos:Concept,Bakery Product Manufacturing (Non-factory based),1174,anzic:117,,anzic:scheme,,,
anzic:1181,skos:Concept,Sugar Manufacturing,1181,anzic:118,,anzic:scheme,,,
anzic:1182,skos:Concept,Confectionery Manufacturing,1182,anzic:118,,anzic:scheme,,,
anzic:1191,skos:Concept,"Potato, Corn and Other Crisp Manufacturing",1191,anzic:119,,anzic:scheme,,,
anzic:1192,skos:Concept,Prepared Animal and Bird Feed Manufacturing,1192,anzic:119,,anzic:scheme,,,
anzic:1199,skos:Concept,Other Food Product Manufacturing n.e.c.,1199,anzic:119,,anzic:scheme,,,
anzic:1211,skos:Concept,"Soft Drink, Cordial and Syrup Manufacturing",1211,anzic:121,,anzic:scheme,,,
anzic:1212,skos:Concept,Beer Manufacturing,1212,anzic:121,,anzic:scheme,,,
anzic:1213,skos:Concept,Spirit Manufacturing,1213,anzic:121,,anzic:scheme,,,
anzic:1214,skos:Concept,Wine and Other Alcoholic Beverage Manufacturing,1214,anzic:121,,anzic:scheme,,,
anzic:1220,skos:Concept,Cigarette and Tobacco Product Manufacturing,1220,anzic:122,,anzic:scheme,,,
anzic:1311,skos:Concept,Wool Scouring,1311,anzic:131,,anzic:scheme,,,
anzic:1312,skos:Concept,Natural Textile Manufacturing,1312,anzic:131,,anzic:scheme,,,
anzic:1313,skos:Concept,Synthetic Textile Manufacturing,1313,anzic:131,,anzic:scheme,,,
anzic:1320,skos:Concept,"Leather Tanning, Fur Dressing and Leather Product Manufacturing",1320,anzic:132,,anzic:scheme,,,
anzic:1331,skos:Concept,Textile Floor Covering Manufacturing,1331,anzic:133,,anzic:scheme,,,
anzic:1332,skos:Concept,"Rope, Cordage and Twine Manufacturing",1332,anzic:133,,anzic:scheme,,,
anzic:1333,skos:Concept,Cut and Sewn Textile Product Manufacturing,1333,anzic:133,,anzic:scheme,,,
anzic:1334,skos:Concept,Textile Finishing and Other Textile Product Manufacturing,1334,anzic:133,,anzic:scheme,,,
anzic:1340,skos:Concept,Knitted Product Manufacturing,1340,anzic:134,,anzic:scheme,,,
anzic:1351,skos:Concept,Clothing Manufacturing,1351,anzic:135,,anzic:scheme,,,
anzic:1352,skos:Concept,Footwear Manufacturing,1352,anzic:135,,anzic:scheme,,,
anzic:1411,skos:Concept,Log Sawmilling,1411,anzic:141,,anzic:scheme,,,
anzic:1412,skos:Concept,Wood Chipping,1412,anzic:141,,anzic:scheme,,,
anzic:1413,skos:Concept,Timber Resawing and Dressing,1413,anzic:141,,anzic:scheme,,,
anzic:1491,skos:Concept,Prefabricated Wooden Building Manufacturing,1491,anzic:149,,anzic:scheme,,,
anzic:1492,skos:Concept,Wooden Structural Fitting and Component Manufacturing,1492,anzic:149,,anzic:scheme,,,
anzic:1493,skos:Concept,Veneer and Plywood Manufacturing,1493,anzic:149,,anzic:scheme,,,
anzic:1494,skos:Concept,Reconstituted Wood Product Manufacturing,1494,anzic:149,,anzic:scheme,,,
anzic:1499,skos:Concept,Other Wood Product Manufacturing n.e.c.,1499,anzic:149,,anzic:scheme,,,
anzic:1510,skos:Concept,"Pulp, Paper and Paperboard Manufacturing",1510,anzic:151,,anzic:scheme,,,
anzic:1521,skos:Concept,Corrugated Paperboard and Paperboard Container Manufacturing,1521,anzic:152,,anzic:scheme,,,
anzic:1522,skos:Concept,Paper Bag Manufacturing,1522,anzic:152,,anzic:scheme,,,
anzic:1523,skos:Concept,Paper Stationery Manufacturing,1523,anzic:152,,anzic:scheme,,,
anzic:1524,skos:Concept,Sanitary Paper Product Manufacturing,1524,anzic:152,,anzic:scheme,,,
anzic:1529,skos:Concept,Other Converted Paper Product Manufacturing,1529,anzic:152,,anzic:scheme,,,
anzic:1611,skos:Concept,Printing,1611,anzic:161,,anzic:scheme,,,
anzic:1612,skos:Concept,Printing Support Services,1612,anzic:161,,anzic:scheme,,,
anzic:1620,skos:Concept,Reproduction of Recorded Media,1620,anzic:162,,anzic:scheme,,,
anzic:1701,skos:Concept,Petroleum Refining and Petroleum Fuel Manufacturing,1701,anzic:170,,anzic:scheme,,,
anzic:1709,skos:Concept,Other Petroleum and Coal Product Manufacturing,1709,anzic:170,,anzic:scheme,,,
anzic:1811,skos:Concept,Industrial Gas Manufacturing,1811,anzic:181,,anzic:scheme,,,
anzic:1812,skos:Concept,Basic Organic Chemical Manufacturing,1812,anzic:181,,anzic:scheme,,,
anzic:1813,skos:Concept,Basic Inorganic Chemical Manufacturing,1813,anzic:181,,anzic:scheme,,,
anzic:1821,skos:Concept,Synthetic Resin and Synthetic Rubber Manufacturing,1821,anzic:182,,anzic:scheme,,,
anzic:1829,skos:Concept,Other Basic Polymer Manufacturing,1829,anzic:182,,anzic:scheme,,,
anzic:1831,skos:Concept,Fertiliser Manufacturing,1831,anzic:183,,anzic:scheme,,,
anzic:1832,skos:Concept,Pesticide Manufacturing,1832,anzic:183,,anzic:scheme,,,
anzic:1841,skos:Concept,Human Pharmaceutical and Medicinal Product Manufacturing,1841,anzic:184,,anzic:scheme,,,
anzic:1842,skos:Concept,Veterinary Pharmaceutical and Medicinal Product Manufacturing,1842,anzic:184,,anzic:scheme,,,
anzic:1851,skos:Concept,Cleaning Compound Manufacturing,1851,anzic:185,,anzic:scheme,,,
anzic:1852,skos:Concept,Cosmetic and Toiletry Preparation Manufacturing,1852,anzic:185,,anzic:scheme,,,
anzic:1891,skos:Concept,Photographic Chemical Product Manufacturing,1891,anzic:189,,anzic:scheme,,,
anzic:1892,skos:Concept,Explosive Manufacturing,1892,anzic:189,,anzic:scheme,,,
anzic:1899,skos:Concept,Other Basic Chemical Product Manufacturing n.e.c.,1899,anzic:189,,anzic:scheme,,,
anzic:1911,skos:Concept,Polymer Film and Sheet Packaging Material Manufacturing,1911,anzic:191,,anzic:scheme,,,
anzic:1912,skos:Concept,Rigid and Semi-Rigid Polymer Product Manufacturing,1912,anzic:191,,anzic:scheme,,,
anzic:1913,skos:Concept,Polymer Foam Product Manufacturing,1913,anzic:191,,anzic:scheme,,,
anzic:1914,skos:Concept,Tyre Manufacturing,1914,anzic:191,,anzic:scheme,,,
anzic:1915,skos:Concept,Adhesive Manufacturing,1915,anzic:191,,anzic:scheme,,,
anzic:1916,skos:Concept,Paint and Coatings Manufacturing,1916,anzic:191,,anzic:scheme,,,
anzic:1919,skos:Concept,Other Polymer Product Manufacturing,1919,anzic:191,,anzic:scheme,,,
anzic:1920,skos:Concept,Natural Rubber Product Manufacturing,1920,anzic:192,,anzic:scheme,,,
anzic:2010,skos:Concept,Glass and Glass Product Manufacturing,2010,anzic:201,,anzic:scheme,,,
anzic:2021,skos:Concept,Clay Brick Manufacturing,2021,anzic:202,,anzic:scheme,,,
anzic:2029,skos:Concept,Other Ceramic Product Manufacturing,2029,anzic:202,,anzic:scheme,,,
anzic:2031,skos:Concept,Cement and Lime Manufacturing,2031,anzic:203,,anzic:scheme,,,
anzic:2032,skos:Concept,Plaster Product Manufacturing,2032,anzic:203,,anzic:scheme,,,
anzic:2033,skos:Concept,Ready-Mixed Concrete Manufacturing,2033,anzic:203,,anzic:scheme,,,
anzic:2034,skos:Concept,Concrete Product Manufacturing,2034,anzic:203,,anzic:scheme,,,
anzic:2090,skos:Concept,Other Non-Metallic Mineral Product Manufacturing,2090,anzic:209,,anzic:scheme,,,
anzic:2110,skos:Concept,Iron Smelting and Steel Manufacturing,2110,anzic:211,,anzic:scheme,,,
anzic:2121,skos:Concept,Iron and Steel Casting,2121,anzic:212,,anzic:scheme,,,
anzic:2122,skos:Concept,Steel Pipe and Tube Manufacturing,2122,anzic:212,,anzic:scheme,,,
anzic:2131,skos:Concept,Alumina Production,2131,anzic:213,,anzic:scheme,,,
anzic:2132,skos:Concept,Aluminium Smelting,2132,anzic:213,,anzic:scheme,,,
anzic:2133,skos:Concept,"Copper, Silver, Lead and Zinc Smelting and Refining",2133,anzic:213,,anzic:scheme,,,
anzic:2139,skos:Concept,Other Basic Non-Ferrous Metal Manufacturing,2139,anzic:213,,anzic:scheme,,,
anzic:2141,skos:Concept,Non-Ferrous Metal Casting,2141,anzic:214,,anzic:scheme,,,
anzic:2142,skos:Concept,"Aluminium Rolling, Drawing, Extruding",2142,anzic:214,,anzic:scheme,,,
anzic:2149,skos:Concept,Other Basic Non-Ferrous Metal Product Manufacturing,2149,anzic:214,,anzic:scheme,,,
anzic:2210,skos:Concept,Iron and Steel Forging,2210,anzic:221,,anzic:scheme,,,
anzic:2221,skos:Concept,Structural Steel Fabricating,2221,anzic:222,,anzic:scheme,,,
anzic:2222,skos:Concept,Prefabricated Metal Building Manufacturing,2222,anzic:222,,anzic:scheme,,,
anzic:2223,skos:Concept,Architectural Aluminium Product Manufacturing,2223,anzic:222,,anzic:scheme,,,
anzic:2224,skos:Concept,Metal Roof and Guttering Manufacturing (except Aluminium),2224,anzic:222,,anzic:scheme,,,
anzic:2229,skos:Concept,Other Structural Metal Product Manufacturing,2229,anzic:222,,anzic:scheme,,,
anzic:2231,skos:Concept,"Boiler, Tank and Other Heavy Gauge Metal Container Manufacturing",2231,anzic:223,,anzic:scheme,,,
anzic:2239,skos:Concept,Other Metal Container Manufacturing,2239,anzic:223,,anzic:scheme,,,
anzic:2240,skos:Concept,Sheet Metal Product Manufacturing (except Metal Structural and Container,2240,anzic:224,,anzic:scheme,,,
anzic:2291,skos:Concept,Spring and Wire Product Manufacturing,2291,anzic:229,,anzic:scheme,,,
anzic:2292,skos:Concept,"Nut, Bolt, Screw and Rivet Manufacturing",2292,anzic:229,,anzic:scheme,,,
anzic:2293,skos:Concept,Metal Coating and Finishing,2293,anzic:229,,anzic:scheme,,,
anzic:2299,skos:Concept,Other Fabricated Metal Product Manufacturing n.e.c.,2299,anzic:229,,anzic:scheme,,,
anzic:2311,skos:Concept,Motor Vehicle Manufacturing,2311,anzic:231,,anzic:scheme,,,
anzic:2312,skos:Concept,Motor Vehicle Body and Trailer Manufacturing,2312,anzic:231,,anzic:scheme,,,
anzic:2313,skos:Concept,Automotive Electrical Component Manufacturing,2313,anzic:231,,anzic:scheme,,,
anzic:2319,skos:Concept,Other Motor Vehicle Parts Manufacturing,2319,anzic:231,,anzic:scheme,,,
anzic:2391,skos:Concept,Shipbuilding and Repair Services,2391,anzic:239,,anzic:scheme,,,
anzic:2392,skos:Concept,Boatbuilding and Repair Services,2392,anzic:239,,anzic:scheme,,,
anzic:2393,skos:Concept,Railway Rolling Stock Manufacturing and Repair Services,2393,anzic:239,,anzic:scheme,,,
anzic:2394,skos:Concept,Aircraft Manufacturing and Repair Services,2394,anzic:239,,anzic:scheme,,,
anzic:2399,skos:Concept,Other Transport Equipment Manufacturing n.e.c.,2399,anzic:239,,anzic:scheme,,,
anzic:2411,skos:Concept,"Photographic, Optical and Ophthalmic Equipment Manufacturing",2411,anzic:241,,anzic:scheme,,,
anzic:2412,skos:Concept,Medical and Surgical Equipment Manufacturing,2412,anzic:241,,anzic:scheme,,,
anzic:2419,skos:Concept,Other Professional and Scientific Equipment Manufacturing,2419,anzic:241,,anzic:scheme,,,
anzic:2421,skos:Concept,Computer and Electronic Office Equipment Manufacturing,2421,anzic:242,,anzic:scheme,,,
anzic:2422,skos:Concept,Communication Equipment Manufacturing,2422,anzic:242,,anzic:scheme,,,
anzic:2429,skos:Concept,Other Electronic Equipment Manufacturing,2429,anzic:242,,anzic:scheme,,,
anzic:2431,skos:Concept,Electric Cable and Wire Manufacturing,2431,anzic:243,,anzic:scheme,,,
anzic:2432,skos:Concept,Electric Lighting Equipment Manufacturing,2432,anzic:243,,anzic:scheme,,,
anzic:2439,skos:Concept,Other Electrical Equipment Manufacturing,2439,anzic:243,,anzic:scheme,,,
anzic:2441,skos:Concept,Whiteware Appliance Manufacturing,2441,anzic:244,,anzic:scheme,,,
anzic:2449,skos:Concept,Other Domestic Appliance Manufacturing,2449,anzic:244,,anzic:scheme,,,
anzic:2451,skos:Concept,Pump and Compressor Manufacturing,2451,anzic:245,,anzic:scheme,,,
anzic:2452,skos:Concept,"Fixed Space Heating, Cooling and Ventilation Equipment Manufacturing",2452,anzic:245,,anzic:scheme,,,
anzic:2461,skos:Concept,Agricultural Machinery and Equipment Manufacturing,2461,anzic:246,,anzic:scheme,,,
anzic:2462,skos:Concept,Mining and Construction Machinery Manufacturing,2462,anzic:246,,anzic:scheme,,,
anzic:2463,skos:Concept,Machine Tool and Parts Manufacturing,2463,anzic:246,,anzic:scheme,,,
anzic:2469,skos:Concept,Other Specialised Machinery and Equipment Manufacturing,2469,anzic:246,,anzic:scheme,,,
anzic:2491,skos:Concept,Lifting and Material Handling Equipment Manufacturing,2491,anzic:249,,anzic:scheme,,,
anzic:2499,skos:Concept,Other Machinery and Equipment Manufacturing n.e.c.,2499,anzic:249,,anzic:scheme,,,
anzic:2511,skos:Concept,Wooden Furniture and Upholstered Seat Manufacturing,2511,anzic:251,,anzic:scheme,,,
anzic:2512,skos:Concept,Metal Furniture Manufacturing,2512,anzic:251,,anzic:scheme,,,
anzic:2513,skos:Concept,Mattress Manufacturing,2513,anzic:251,,anzic:scheme,,,
anzic:2519,skos:Concept,Other Furniture Manufacturing,2519,anzic:251,,anzic:scheme,,,
anzic:2591,skos:Concept,Jewellery and Silverware Manufacturing,2591,anzic:259,,anzic:scheme,,,
anzic:2592,skos:Concept,"Toy, Sporting and Recreational Product Manufacturing",2592,anzic:259,,anzic:scheme,,,
anzic:2599,skos:Concept,Other Manufacturing n.e.c.,2599,anzic:259,,anzic:scheme,,,
anzic:2611,skos:Concept,Fossil Fuel Electricity Generation,2611,anzic:261,,anzic:scheme,,,
anzic:2612,skos:Concept,Hydro-Electricity Generation,2612,anzic:261,,anzic:scheme,,,
anzic:2619,skos:Concept,Other Electricity Generation,2619,anzic:261,,anzic:scheme,,,
anzic:2620,skos:Concept,Electricity Transmission,2620,anzic:262,,anzic:scheme,,,
anzic:2630,skos:Concept,Electricity Distribution,2630,anzic:263,,anzic:scheme,,,
anzic:2640,skos:Concept,On Selling Electricity and Electricity Market Operation,2640,anzic:264,,anzic:scheme,,,
anzic:2700,skos:Concept,Gas Supply,2700,anzic:270,,anzic:scheme,,,
anzic:2811,skos:Concept,Water Supply,2811,anzic:281,,anzic:scheme,,,
anzic:2812,skos:Concept,Sewerage and Drainage Services,2812,anzic:281,,anzic:scheme,,,
anzic:2911,skos:Concept,Solid Waste Collection Services,2911,anzic:291,,anzic:scheme,,,
anzic:2919,skos:Concept,Other Waste Collection Services,2919,anzic:291,,anzic:scheme,,,
anzic:2921,skos:Concept,Waste Treatment and Disposal Services,2921,anzic:292,,anzic:scheme,,,
anzic:2922,skos:Concept,Waste Remediation and Materials Recovery Services,2922,anzic:292,,anzic:scheme,,,
anzic:3011,skos:Concept,House Construction,3011,anzic:301,,anzic:scheme,,,
anzic:3019,skos:Concept,Other Residential Building Construction,3019,anzic:301,,anzic:scheme,,,
anzic:3020,skos:Concept,Non-Residential Building Construction,3020,anzic:302,,anzic:scheme,,,
anzic:3101,skos:Concept,Road and Bridge Construction,3101,anzic:310,,anzic:scheme,,,
anzic:3109,skos:Concept,Other Heavy and Civil Engineering Construction,3109,anzic:310,,anzic:scheme,,,
anzic:3211,skos:Concept,Land Development and Subdivision,3211,anzic:321,,anzic:scheme,,,
anzic:3212,skos:Concept,Site Preparation Services,3212,anzic:321,,anzic:scheme,,,
anzic:3221,skos:Concept,Concreting Services,3221,anzic:322,,anzic:scheme,,,
anzic:3222,skos:Concept,Bricklaying Services,3222,anzic:322,,anzic:scheme,,,
anzic:3223,skos:Concept,Roofing Services,3223,anzic:322,,anzic:scheme,,,
anzic:3224,skos:Concept,Structural Steel Erection Services,3224,anzic:322,,anzic:scheme,,,
anzic:3231,skos:Concept,Plumbing Services,3231,anzic:323,,anzic:scheme,,,
anzic:3232,skos:Concept,Electrical Services,3232,anzic:323,,anzic:scheme,,,
anzic:3233,skos:Concept,Air Conditioning and Heating Services,3233,anzic:323,,anzic:scheme,,,
anzic:3234,skos:Concept,Fire and Security Alarm Installation Services,3234,anzic:323,,anzic:scheme,,,
anzic:3239,skos:Concept,Other Building Installation Services,3239,anzic:323,,anzic:scheme,,,
anzic:3241,skos:Concept,Plastering and Ceiling Services,3241,anzic:324,,anzic:scheme,,,
anzic:3242,skos:Concept,Carpentry Services,3242,anzic:324,,anzic:scheme,,,
anzic:3243,skos:Concept,Tiling and Carpeting Services,3243,anzic:324,,anzic:scheme,,,
anzic:3244,skos:Concept,Painting and Decorating Services,3244,anzic:324,,anzic:scheme,,,
anzic:3245,skos:Concept,Glazing Services,3245,anzic:324,,anzic:scheme,,,
anzic:3291,skos:Concept,Landscape Construction Services,3291,anzic:329,,anzic:scheme,,,
anzic:3292,skos:Concept,Hire of Construction Machinery with Operator,3292,anzic:329,,anzic:scheme,,,
anzic:3299,skos:Concept,Other Construction Services n.e.c.,3299,anzic:329,,anzic:scheme,,,
anzic:3311,skos:Concept,Wool Wholesaling,3311,anzic:331,,anzic:scheme,,,
anzic:3312,skos:Concept,Cereal Grain Wholesaling,3312,anzic:331,,anzic:scheme,,,
anzic:3319,skos:Concept,Other Agricultural Product Wholesaling,3319,anzic:331,,anzic:scheme,,,
anzic:3321,skos:Concept,Petroleum Product Wholesaling,3321,anzic:332,,anzic:scheme,,,
anzic:3322,skos:Concept,Metal and Mineral Wholesaling,3322,anzic:332,,anzic:scheme,,,
anzic:3323,skos:Concept,Industrial and Agricultural Chemical Product Wholesaling,3323,anzic:332,,anzic:scheme,,,
anzic:3331,skos:Concept,Timber Wholesaling,3331,anzic:333,,anzic:scheme,,,
anzic:3332,skos:Concept,Plumbing Goods Wholesaling,3332,anzic:333,,anzic:scheme,,,
anzic:3339,skos:Concept,Other Hardware Goods Wholesaling,3339,anzic:333,,anzic:scheme,,,
anzic:3411,skos:Concept,Agricultural and Construction Machinery Wholesaling,3411,anzic:341,,anzic:scheme,,,
anzic:3419,skos:Concept,Other Specialised Industrial Machinery and Equipment Wholesaling,3419,anzic:341,,anzic:scheme,,,
anzic:3491,skos:Concept,Professional and Scientific Goods Wholesaling,3491,anzic:349,,anzic:scheme,,,
anzic:3492,skos:Concept,Computer and Computer Peripheral Wholesaling,3492,anzic:349,,anzic:scheme,,,
anzic:3493,skos:Concept,Telecommunication Goods Wholesaling,3493,anzic:349,,anzic:scheme,,,
anzic:3494,skos:Concept,Other Electrical and Electronic Goods Wholesaling,3494,anzic:349,,anzic:scheme,,,
anzic:3499,skos:Concept,Other Machinery and Equipment Wholesaling n.e.c.,3499,anzic:349,,anzic:scheme,,,
anzic:3501,skos:Concept,Car Wholesaling,3501,anzic:350,,anzic:scheme,,,
anzic:3502,skos:Concept,Commercial Vehicle Wholesaling,3502,anzic:350,,anzic:scheme,,,
anzic:3503,skos:Concept,Trailer and Other Motor Vehicle Wholesaling,3503,anzic:350,,anzic:scheme,,,
anzic:3504,skos:Concept,Motor Vehicle New Parts Wholesaling,3504,anzic:350,,anzic:scheme,,,
anzic:3505,skos:Concept,Motor Vehicle Dismantling and Used Parts Wholesaling,3505,anzic:350,,anzic:scheme,,,
anzic:3601,skos:Concept,General Line Grocery Wholesaling,3601,anzic:360,,anzic:scheme,,,
anzic:3602,skos:Concept,"Meat, Poultry and Smallgoods Wholesaling",3602,anzic:360,,anzic:scheme,,,
anzic:3603,skos:Concept,Dairy Produce Wholesaling,3603,anzic:360,,anzic:scheme,,,
anzic:3604,skos:Concept,Fish and Seafood Wholesaling,3604,anzic:360,,anzic:scheme,,,
anzic:3605,skos:Concept,Fruit and Vegetable Wholesaling,3605,anzic:360,,anzic:scheme,,,
anzic:3606,skos:Concept,Liquor and Tobacco Product Wholesaling,3606,anzic:360,,anzic:scheme,,,
anzic:3609,skos:Concept,Other Grocery Wholesaling,3609,anzic:360,,anzic:scheme,,,
anzic:3711,skos:Concept,Textile Product Wholesaling,3711,anzic:371,,anzic:scheme,,,
anzic:3712,skos:Concept,Clothing and Footwear Wholesaling,3712,anzic:371,,anzic:scheme,,,
anzic:3720,skos:Concept,Pharmaceutical and Toiletry Goods Wholesaling,3720,anzic:372,,anzic:scheme,,,
anzic:3731,skos:Concept,Furniture and Floor Covering Wholesaling,3731,anzic:373,,anzic:scheme,,,
anzic:3732,skos:Concept,Jewellery and Watch Wholesaling,3732,anzic:373,,anzic:scheme,,,
anzic:3733,skos:Concept,Kitchen and Diningware Wholesaling,3733,anzic:373,,anzic:scheme,,,
anzic:3734,skos:Concept,Toy and Sporting Goods Wholesaling,3734,anzic:373,,anzic:scheme,,,
anzic:3735,skos:Concept,Book and Magazine Wholesaling,3735,anzic:373,,anzic:scheme,,,
anzic:3736,skos:Concept,Paper Product Wholesaling,3736,anzic:373,,anzic:scheme,,,
anzic:3739,skos:Concept,Other Goods Wholesaling n.e.c.,3739,anzic:373,,anzic:scheme,,,
anzic:3800,skos:Concept,Commission-Based Wholesaling,3800,anzic:380,,anzic:scheme,,,
anzic:3911,skos:Concept,Car Retailing,3911,anzic:391,,anzic:scheme,,,
anzic:3912,skos:Concept,Motor Cycle Retailing,3912,anzic:391,,anzic:scheme,,,
anzic:3913,skos:Concept,Trailer and Other Motor Vehicle Retailing,3913,anzic:391,,anzic:scheme,,,
anzic:3921,skos:Concept,Motor Vehicle Parts Retailing,3921,anzic:392,,anzic:scheme,,,
anzic:3922,skos:Concept,Tyre Retailing,3922,anzic:392,,anzic:scheme,,,
anzic:4000,skos:Concept,Fuel Retailing,4000,anzic:400,,anzic:scheme,,,
anzic:4110,skos:Concept,Supermarket and Grocery Stores,4110,anzic:411,,anzic:scheme,,,
anzic:4121,skos:Concept,"Fresh Meat, Fish and Poultry Retailing",4121,anzic:412,,anzic:scheme,,,
anzic:4122,skos:Concept,Fruit and Vegetable Retailing,4122,anzic:412,,anzic:scheme,,,
anzic:4123,skos:Concept,Liquor Retailing,4123,anzic:412,,anzic:scheme,,,
anzic:4129,skos:Concept,Other Specialised Food Retailing,4129,anzic:412,,anzic:scheme,,,
anzic:4211,skos:Concept,Furniture Retailing,4211,anzic:421,,anzic:scheme,,,
anzic:4212,skos:Concept,Floor Coverings Retailing,4212,anzic:421,,anzic:scheme,,,
anzic:4213,skos:Concept,Houseware Retailing,4213,anzic:421,,anzic:scheme,,,
anzic:4214,skos:Concept,Manchester and Other Textile Goods Retailing,4214,anzic:421,,anzic:scheme,,,
anzic:4221,skos:Concept,"Electrical, Electronic and Gas Appliance Retailing",4221,anzic:422,,anzic:scheme,,,
anzic:4222,skos:Concept,Computer and Computer Peripheral Retailing,4222,anzic:422,,anzic:scheme,,,
anzic:4229,skos:Concept,Other Electrical and Electronic Goods Retailing,4229,anzic:422,,anzic:scheme,,,
anzic:4231,skos:Concept,Hardware and Building Supplies Retailing,4231,anzic:423,,anzic:scheme,,,
anzic:4232,skos:Concept,Garden Supplies Retailing,4232,anzic:423,,anzic:scheme,,,
anzic:4241,skos:Concept,Sport and Camping Equipment Retailing,4241,anzic:424,,anzic:scheme,,,
anzic:4242,skos:Concept,Entertainment Media Retailing,4242,anzic:424,,anzic:scheme,,,
anzic:4243,skos:Concept,Toy and Game Retailing,4243,anzic:424,,anzic:scheme,,,
anzic:4244,skos:Concept,Newspaper and Book Retailing,4244,anzic:424,,anzic:scheme,,,
anzic:4245,skos:Concept,Marine Equipment Retailing,4245,anzic:424,,anzic:scheme,,,
anzic:4251,skos:Concept,Clothing Retailing,4251,anzic:425,,anzic:scheme,,,
anzic:4252,skos:Concept,Footwear Retailing,4252,anzic:425,,anzic:scheme,,,
anzic:4253,skos:Concept,Watch and Jewellery Retailing,4253,anzic:425,,anzic:scheme,,,
anzic:4259,skos:Concept,Other Personal Accessory Retailing,4259,anzic:425,,anzic:scheme,,,
anzic:4260,skos:Concept,Department Stores,4260,anzic:426,,anzic:scheme,,,
anzic:4271,skos:Concept,"Pharmaceutical, Cosmetic and Toiletry Goods Retailing",4271,anzic:427,,anzic:scheme,,,
anzic:4272,skos:Concept,Stationery Goods Retailing,4272,anzic:427,,anzic:scheme,,,
anzic:4273,skos:Concept,Antique and Used Goods Retailing,4273,anzic:427,,anzic:scheme,,,
anzic:4274,skos:Concept,Flower Retailing,4274,anzic:427,,anzic:scheme,,,
anzic:4279,skos:Concept,Other Store-Based Retailing n.e.c.,4279,anzic:427,,anzic:scheme,,,
anzic:4310,skos:Concept,Non-Store Retailing,4310,anzic:431,,anzic:scheme,,,
anzic:4320,skos:Concept,Retail Commission-Based Buying and/or Selling,4320,anzic:432,,anzic:scheme,,,
anzic:4400,skos:Concept,Accommodation,4400,anzic:440,,anzic:scheme,,,
anzic:4511,skos:Concept,Cafes and Restaurants,4511,anzic:451,,anzic:scheme,,,
anzic:4512,skos:Concept,Takeaway Food Services,4512,anzic:451,,anzic:scheme,,,
anzic:4513,skos:Concept,Catering Services,4513,anzic:451,,anzic:scheme,,,
anzic:4520,skos:Concept,"Pubs, Taverns and Bars",4520,anzic:452,,anzic:scheme,,,
anzic:4530,skos:Concept,Clubs (Hospitality),4530,anzic:453,,anzic:scheme,,,
anzic:4610,skos:Concept,Road Freight Transport,4610,anzic:461,,anzic:scheme,,,
anzic:4621,skos:Concept,Interurban and Rural Bus Transport,4621,anzic:462,,anzic:scheme,,,
anzic:4622,skos:Concept,Urban Bus Transport (Including Tramway),4622,anzic:462,,anzic:scheme,,,
anzic:4623,skos:Concept,Taxi and Other Road Transport,4623,anzic:462,,anzic:scheme,,,
anzic:4710,skos:Concept,Rail Freight Transport,4710,anzic:471,,anzic:scheme,,,
anzic:4720,skos:Concept,Rail Passenger Transport,4720,anzic:472,,anzic:scheme,,,
anzic:4810,skos:Concept,Water Freight Transport,4810,anzic:481,,anzic:scheme,,,
anzic:4820,skos:Concept,Water Passenger Transport,4820,anzic:482,,anzic:scheme,,,
anzic:4900,skos:Concept,Air and Space Transport,4900,anzic:490,,anzic:scheme,,,
anzic:5010,skos:Concept,Scenic and Sightseeing Transport,5010,anzic:501,,anzic:scheme,,,
anzic:5021,skos:Concept,Pipeline Transport,5021,anzic:502,,anzic:scheme,,,
anzic:5029,skos:Concept,Other Transport n.e.c.,5029,anzic:502,,anzic:scheme,,,
anzic:5101,skos:Concept,Postal Services,5101,anzic:510,,anzic:scheme,,,
anzic:5102,skos:Concept,Courier Pick-up and Delivery Services,5102,anzic:510,,anzic:scheme,,,
anzic:5211,skos:Concept,Stevedoring Services,5211,anzic:521,,anzic:scheme,,,
anzic:5212,skos:Concept,Port and Water Transport Terminal Operations,5212,anzic:521,,anzic:scheme,,,
anzic:5219,skos:Concept,Other Water Transport Support Services,5219,anzic:521,,anzic:scheme,,,
anzic:5220,skos:Concept,Airport Operations and Other Air Transport Support Services,5220,anzic:522,,anzic:scheme,,,
anzic:5291,skos:Concept,Customs Agency Services,5291,anzic:529,,anzic:scheme,,,
anzic:5292,skos:Concept,Freight Forwarding Services,5292,anzic:529,,anzic:scheme,,,
anzic:5299,skos:Concept,Other Transport Support Services n.e.c.,5299,anzic:529,,anzic:scheme,,,
anzic:5301,skos:Concept,Grain Storage Services,5301,anzic:530,,anzic:scheme,,,
anzic:5309,skos:Concept,Other Warehousing and Storage Services,5309,anzic:530,,anzic:scheme,,,
anzic:5411,skos:Concept,Newspaper Publishing,5411,anzic:541,,anzic:scheme,,,
anzic:5412,skos:Concept,Magazine and Other Periodical Publishing,5412,anzic:541,,anzic:scheme,,,
anzic:5413,skos:Concept,Book Publishing,5413,anzic:541,,anzic:scheme,,,
anzic:5414,skos:Concept,Directory and Mailing List Publishing,5414,anzic:541,,anzic:scheme,,,
anzic:5419,skos:Concept,"Other Publishing (except Software, Music and Internet)",5419,anzic:541,,anzic:scheme,,,
anzic:5420,skos:Concept,Software Publishing,5420,anzic:542,,anzic:scheme,,,
anzic:5511,skos:Concept,Motion Picture and Video Production,5511,anzic:551,,anzic:scheme,,,
anzic:5512,skos:Concept,Motion Picture and Video Distribution,5512,anzic:551,,anzic:scheme,,,
anzic:5513,skos:Concept,Motion Picture Exhibition,5513,anzic:551,,anzic:scheme,,,
anzic:5514,skos:Concept,Post-production Services and Other Motion Picture and Video Activities,5514,anzic:551,,anzic:scheme,,,
anzic:5521,skos:Concept,Music Publishing,5521,anzic:552,,anzic:scheme,,,
anzic:5522,skos:Concept,Music and Other Sound Recording Activities,5522,anzic:552,,anzic:scheme,,,
anzic:5610,skos:Concept,Radio Broadcasting,5610,anzic:561,,anzic:scheme,,,
anzic:5621,skos:Concept,Free-to-Air Television Broadcasting,5621,anzic:562,,anzic:scheme,,,
anzic:5622,skos:Concept,Cable and Other Subscription Broadcasting,5622,anzic:562,,anzic:scheme,,,
anzic:5700,skos:Concept,Internet Publishing and Broadcasting,5700,anzic:570,,anzic:scheme,,,
anzic:5801,skos:Concept,Wired Telecommunications Network Operation,5801,anzic:580,,anzic:scheme,,,
anzic:5802,skos:Concept,Other Telecommunications Network Operation,5802,anzic:580,,anzic:scheme,,,
anzic:5809,skos:Concept,Other Telecommunications Services,5809,anzic:580,,anzic:scheme,,,
anzic:5910,skos:Concept,Internet Service Providers and Web Search Portals,5910,anzic:591,,anzic:scheme,,,
anzic:5921,skos:Concept,Data Processing and Web Hosting Services,5921,anzic:592,,anzic:scheme,,,
anzic:5922,skos:Concept,Electronic Information Storage Services,5922,anzic:592,,anzic:scheme,,,
anzic:6010,skos:Concept,Libraries and Archives,6010,anzic:601,,anzic:scheme,,,
anzic:6020,skos:Concept,Other Information Services,6020,anzic:602,,anzic:scheme,,,
anzic:6210,skos:Concept,Central Banking,6210,anzic:621,,anzic:scheme,,,
anzic:6221,skos:Concept,Banking,6221,anzic:622,,anzic:scheme,,,
anzic:6222,skos:Concept,Building Society Operation,6222,anzic:622,,anzic:scheme,,,
anzic:6223,skos:Concept,Credit Union Operation,6223,anzic:622,,anzic:scheme,,,
anzic:6229,skos:Concept,Other Depository Financial Intermediation,6229,anzic:622,,anzic:scheme,,,
anzic:6230,skos:Concept,Non-Depository Financing,6230,anzic:623,,anzic:scheme,,,
anzic:6240,skos:Concept,Financial Asset Investing,6240,anzic:624,,anzic:scheme,,,
anzic:6310,skos:Concept,Life Insurance,6310,anzic:631,,anzic:scheme,,,
anzic:6321,skos:Concept,Health Insurance,6321,anzic:632,,anzic:scheme,,,
anzic:6322,skos:Concept,General Insurance,6322,anzic:632,,anzic:scheme,,,
anzic:6330,skos:Concept,Superannuation Funds,6330,anzic:633,,anzic:scheme,,,
anzic:6411,skos:Concept,Financial Asset Broking Services,6411,anzic:641,,anzic:scheme,,,
anzic:6419,skos:Concept,Other Auxiliary Finance and Investment Services,6419,anzic:641,,anzic:scheme,,,
anzic:6420,skos:Concept,Auxiliary Insurance Services,6420,anzic:642,,anzic:scheme,,,
anzic:6611,skos:Concept,Passenger Car Rental and Hiring,6611,anzic:661,,anzic:scheme,,,
anzic:6619,skos:Concept,Other Motor Vehicle and Transport Equipment Rental and Hiring,6619,anzic:661,,anzic:scheme,,,
anzic:6620,skos:Concept,Farm Animal and Bloodstock Leasing,6620,anzic:662,,anzic:scheme,,,
anzic:6631,skos:Concept,Heavy Machinery and Scaffolding Rental and Hiring,6631,anzic:663,,anzic:scheme,,,
anzic:6632,skos:Concept,Video and Other Electronic Media Rental and Hiring,6632,anzic:663,,anzic:scheme,,,
anzic:6639,skos:Concept,Other Goods and Equipment Rental and Hiring n.e.c.,6639,anzic:663,,anzic:scheme,,,
anzic:6640,skos:Concept,Non-Financial Intangible Assets (Except Copyrights) Leasing,6640,anzic:664,,anzic:scheme,,,
anzic:6711,skos:Concept,Residential Property Operators,6711,anzic:671,,anzic:scheme,,,
anzic:6712,skos:Concept,Non-Residential Property Operators,6712,anzic:671,,anzic:scheme,,,
anzic:6720,skos:Concept,Real Estate Services,6720,anzic:672,,anzic:scheme,,,
anzic:6910,skos:Concept,Scientific Research Services,6910,anzic:691,,anzic:scheme,,,
anzic:6921,skos:Concept,Architectural Services,6921,anzic:692,,anzic:scheme,,,
anzic:6922,skos:Concept,Surveying and Mapping Services,6922,anzic:692,,anzic:scheme,,,
anzic:6923,skos:Concept,Engineering Design and Engineering Consulting Services,6923,anzic:692,,anzic:scheme,,,
anzic:6924,skos:Concept,Other Specialised Design Services,6924,anzic:692,,anzic:scheme,,,
anzic:6925,skos:Concept,Scientific Testing and Analysis Services,6925,anzic:692,,anzic:scheme,,,
anzic:6931,skos:Concept,Legal Services,6931,anzic:693,,anzic:scheme,,,
anzic:6932,skos:Concept,Accounting Services,6932,anzic:693,,anzic:scheme,,,
anzic:6940,skos:Concept,Advertising Services,6940,anzic:694,,anzic:scheme,,,
anzic:6950,skos:Concept,Market Research and Statistical Services,6950,anzic:695,,anzic:scheme,,,
anzic:6961,skos:Concept,Corporate Head Office Management Services,6961,anzic:696,,anzic:scheme,,,
anzic:6962,skos:Concept,Management Advice and Related Consulting Services,6962,anzic:696,,anzic:scheme,,,
anzic:6970,skos:Concept,Veterinary Services,6970,anzic:697,,anzic:scheme,,,
anzic:6991,skos:Concept,Professional Photographic Services,6991,anzic:699,,anzic:scheme,,,
anzic:6999,skos:Concept,"Other Professional, Scientific and Technical Services n.e.c.",6999,anzic:699,,anzic:scheme,,,
anzic:7000,skos:Concept,Computer System Design and Related Services,7000,anzic:700,,anzic:scheme,,,
anzic:7211,skos:Concept,Employment Placement and Recruitment Services,7211,anzic:721,,anzic:scheme,,,
anzic:7212,skos:Concept,Labour Supply Services,7212,anzic:721,,anzic:scheme,,,
anzic:7220,skos:Concept,Travel Agency and Tour Arrangement Services,7220,anzic:722,,anzic:scheme,,,
anzic:7291,skos:Concept,Office Administrative Services,7291,anzic:729,,anzic:scheme,,,
anzic:7292,skos:Concept,Document Preparation Services,7292,anzic:729,,anzic:scheme,,,
anzic:7293,skos:Concept,Credit Reporting and Debt Collection Services,7293,anzic:729,,anzic:scheme,,,
anzic:7294,skos:Concept,Call Centre Operation,7294,anzic:729,,anzic:scheme,,,
anzic:7299,skos:Concept,Other Administrative Services n.e.c.,7299,anzic:729,,anzic:scheme,,,
anzic:7311,skos:Concept,Building and Other Industrial Cleaning Services,7311,anzic:731,,anzic:scheme,,,
anzic:7312,skos:Concept,Building Pest Control Services,7312,anzic:731,,anzic:scheme,,,
anzic:7313,skos:Concept,Gardening Services,7313,anzic:731,,anzic:scheme,,,
anzic:7320,skos:Concept,Packaging Services,7320,anzic:732,,anzic:scheme,,,
anzic:7510,skos:Concept,Central Government Administration,7510,anzic:751,,anzic:scheme,,,
anzic:7520,skos:Concept,State Government Administration,7520,anzic:752,,anzic:scheme,,,
anzic:7530,skos:Concept,Local Government Administration,7530,anzic:753,,anzic:scheme,,,
anzic:7540,skos:Concept,Justice,7540,anzic:754,,anzic:scheme,,,
anzic:7551,skos:Concept,Domestic Government Representation,7551,anzic:755,,anzic:scheme,,,
anzic:7552,skos:Concept,Foreign Government Representation,7552,anzic:755,,anzic:scheme,,,
anzic:7600,skos:Concept,Defence,7600,anzic:760,,anzic:scheme,,,
anzic:7711,skos:Concept,Police Services,7711,anzic:771,,anzic:scheme,,,
anzic:7712,skos:Concept,Investigation and Security Services,7712,anzic:771,,anzic:scheme,,,
anzic:7713,skos:Concept,Fire Protection and Other Emergency Services,7713,anzic:771,,anzic:scheme,,,
anzic:7714,skos:Concept,Correctional and Detention Services,7714,anzic:771,,anzic:scheme,,,
anzic:7719,skos:Concept,Other Public Order and Safety Services,7719,anzic:771,,anzic:scheme,,,
anzic:7720,skos:Concept,Regulatory Services,7720,anzic:772,,anzic:scheme,,,
anzic:8010,skos:Concept,Preschool Education,8010,anzic:801,,anzic:scheme,,,
anzic:8021,skos:Concept,Primary Education,8021,anzic:802,,anzic:scheme,,,
anzic:8022,skos:Concept,Secondary Education,8022,anzic:802,,anzic:scheme,,,
anzic:8023,skos:Concept,Combined Primary and Secondary Education,8023,anzic:802,,anzic:scheme,,,
anzic:8024,skos:Concept,Special School Education,8024,anzic:802,,anzic:scheme,,,
anzic:8101,skos:Concept,Technical and Vocational Education and Training,8101,anzic:810,,anzic:scheme,,,
anzic:8102,skos:Concept,Higher Education,8102,anzic:810,,anzic:scheme,,,
anzic:8211,skos:Concept,Sports and Physical Recreation Instruction,8211,anzic:821,,anzic:scheme,,,
anzic:8212,skos:Concept,Arts Education,8212,anzic:821,,anzic:scheme,,,
anzic:8219,skos:Concept,"Adult, Community and Other Education n.e.c.",8219,anzic:821,,anzic:scheme,,,
anzic:8220,skos:Concept,Educational Support Services,8220,anzic:822,,anzic:scheme,,,
anzic:8401,skos:Concept,Hospitals (Except Psychiatric Hospitals),8401,anzic:840,,anzic:scheme,,,
anzic:8402,skos:Concept,Psychiatric Hospitals,8402,anzic:840,,anzic:scheme,,,
anzic:8511,skos:Concept,General Practice Medical Services,8511,anzic:851,,anzic:scheme,,,
anzic:8512,skos:Concept,Specialist Medical Services,8512,anzic:851,,anzic:scheme,,,
anzic:8520,skos:Concept,Pathology and Diagnostic Imaging Services,8520,anzic:852,,anzic:scheme,,,
anzic:8531,skos:Concept,Dental Services,8531,anzic:853,,anzic:scheme,,,
anzic:8532,skos:Concept,Optometry and Optical Dispensing,8532,anzic:853,,anzic:scheme,,,
anzic:8533,skos:Concept,Physiotherapy Services,8533,anzic:853,,anzic:scheme,,,
anzic:8534,skos:Concept,Chiropractic and Osteopathic Services,8534,anzic:853,,anzic:scheme,,,
anzic:8539,skos:Concept,Other Allied Health Services,8539,anzic:853,,anzic:scheme,,,
anzic:8591,skos:Concept,Ambulance Services,8591,anzic:859,,anzic:scheme,,,
anzic:8599,skos:Concept,Other Health Care Services n.e.c.,8599,anzic:859,,anzic:scheme,,,
anzic:8601,skos:Concept,Aged Care Residential Services,8601,anzic:860,,anzic:scheme,,,
anzic:8609,skos:Concept,Other Residential Care Services,8609,anzic:860,,anzic:scheme,,,
anzic:8710,skos:Concept,Child Care Services,8710,anzic:871,,anzic:scheme,,,
anzic:8790,skos:Concept,Other Social Assistance Services,8790,anzic:879,,anzic:scheme,,,
anzic:8910,skos:Concept,Museum Operation,8910,anzic:891,,anzic:scheme,,,
anzic:8921,skos:Concept,Zoological and Botanical Gardens Operation,8921,anzic:892,,anzic:scheme,,,
anzic:8922,skos:Concept,Nature Reserves and Conservation Parks Operation,8922,anzic:892,,anzic:scheme,,,
anzic:9001,skos:Concept,Performing Arts Operation,9001,anzic:900,,anzic:scheme,,,
anzic:9002,skos:Concept,"Creative Artists, Musicians, Writers and Performers",9002,anzic:900,,anzic:scheme,,,
anzic:9003,skos:Concept,Performing Arts Venue Operation,9003,anzic:900,,anzic:scheme,,,
anzic:9111,skos:Concept,Health and Fitness Centres and Gymnasia Operation,9111,anzic:911,,anzic:scheme,,,
anzic:9112,skos:Concept,Sports and Physical Recreation Clubs and Sports Professionals,9112,anzic:911,,anzic:scheme,,,
anzic:9113,skos:Concept,"Sports and Physical Recreation Venues, Grounds and Facilities Operation",9113,anzic:911,,anzic:scheme,,,
anzic:9114,skos:Concept,Sports and Physical Recreation Administrative Service,9114,anzic:911,,anzic:scheme,,,
anzic:9121,skos:Concept,Horse and Dog Racing Administration and Track Operation,9121,anzic:912,,anzic:scheme,,,
anzic:9129,skos:Concept,Other Horse and Dog Racing Activities,9129,anzic:912,,anzic:scheme,,,
anzic:9131,skos:Concept,Amusement Parks and Centres Operation,9131,anzic:913,,anzic:scheme,,,
anzic:9139,skos:Concept,Amusement and Other Recreational Activities n.e.c.,9139,anzic:913,,anzic:scheme,,,
anzic:9201,skos:Concept,Casino Operation,9201,anzic:920,,anzic:scheme,,,
anzic:9202,skos:Concept,Lottery Operation,9202,anzic:920,,anzic:scheme,,,
anzic:9209,skos:Concept,Other Gambling Activities,9209,anzic:920,,anzic:scheme,,,
anzic:9411,skos:Concept,Automotive Electrical Services,9411,anzic:941,,anzic:scheme,,,
anzic:9412,skos:Concept,"Automotive Body, Paint and Interior Repair",9412,anzic:941,,anzic:scheme,,,
anzic:9419,skos:Concept,Other Automotive Repair and Maintenance,9419,anzic:941,,anzic:scheme,,,
anzic:9421,skos:Concept,Domestic Appliance Repair and Maintenance,9421,anzic:942,,anzic:scheme,,,
anzic:9422,skos:Concept,Electronic (except Domestic Appliance) and Precision Equipment Repair,9422,anzic:942,,anzic:scheme,,,
anzic:9429,skos:Concept,Other Machinery and Equipment Repair and Maintenance,9429,anzic:942,,anzic:scheme,,,
anzic:9491,skos:Concept,Clothing and Footwear Repair,9491,anzic:949,,anzic:scheme,,,
anzic:9499,skos:Concept,Other Repair and Maintenance n.e.c.,9499,anzic:949,,anzic:scheme,,,
anzic:9511,skos:Concept,Hairdressing and Beauty Services,9511,anzic:951,,anzic:scheme,,,
anzic:9512,skos:Concept,Diet and Weight Reduction Centre Operation,9512,anzic:951,,anzic:scheme,,,
anzic:9520,skos:Concept,"Funeral, Crematorium and Cemetery Services",9520,anzic:952,,anzic:scheme,,,
anzic:9531,skos:Concept,Laundry and Dry-Cleaning Services,9531,anzic:953,,anzic:scheme,,,
anzic:9532,skos:Concept,Photographic Film Processing,9532,anzic:953,,anzic:scheme,,,
anzic:9533,skos:Concept,Parking Services,9533,anzic:953,,anzic:scheme,,,
anzic:9534,skos:Concept,Brothel Keeping and Prostitution Services,9534,anzic:953,,anzic:scheme,,,
anzic:9539,skos:Concept,Other Personal Services n.e.c.,9539,anzic:953,,anzic:scheme,,,
anzic:9540,skos:Concept,Religious Services,9540,anzic:954,,anzic:scheme,,,
anzic:9551,skos:Concept,Business and Professional Association Services,9551,anzic:955,,anzic:scheme,,,
anzic:9552,skos:Concept,Labour Association Services,9552,anzic:955,,anzic:scheme,,,
anzic:9559,skos:Concept,Other Interest Group Services n.e.c.,9559,anzic:955,,anzic:scheme,,,
anzic:9601,skos:Concept,Private Households Employing Staff,9601,anzic:960,,anzic:scheme,,,
anzic:9602,skos:Concept,Undifferentiated Goods-Producing Activities of Private Households for Own Use,9602,anzic:960,,anzic:scheme,,,
anzic:9603,skos:Concept,Undifferentiated Service-Producing Activities of Private Households for Own Use,9603,anzic:960,,anzic:scheme,,,
